transaction_id,date,yearmonth,year,month,quarter,account_code,account_name,account_type,account_category,amount,department,cost_center
TXN-000001,1/1/2023,2023-01,2023,1,1,4000,Product Sales Revenue,Revenue,Revenue,419667.96,Sales,CC-S001
TXN-000002,1/1/2023,2023-01,2023,1,1,4100,Service Revenue,Revenue,Revenue,296236.2,Sales,CC-S001
TXN-000003,1/1/2023,2023-01,2023,1,1,4200,Subscription Revenue,Revenue,Revenue,157500,Sales,CC-S001
TXN-000004,1/1/2023,2023-01,2023,1,1,4900,Other Revenue,Revenue,Revenue,49372.7,Finance,CC-F001
TXN-000097,1/1/2023,2023-01,2023,1,1,5000,Cost of Products Sold,COGS,COGS,234091.97,Operations,CC-O001
TXN-000098,1/1/2023,2023-01,2023,1,1,5100,Direct Labor,COGS,COGS,117045.99,Operations,CC-O001
TXN-000099,1/1/2023,2023-01,2023,1,1,5200,Manufacturing Overhead,COGS,COGS,39015.33,Operations,CC-O002
TXN-000169,1/1/2023,2023-01,2023,1,1,6000,Salaries - Sales,OpEx,Sales & Marketing,150700.65,Sales,CC-S001
TXN-000170,1/1/2023,2023-01,2023,1,1,6010,Commissions,OpEx,Sales & Marketing,91270.03,Sales,CC-S002
TXN-000171,1/1/2023,2023-01,2023,1,1,6020,Marketing Expenses,OpEx,Sales & Marketing,117579.96,Marketing,CC-M001
TXN-000172,1/1/2023,2023-01,2023,1,1,6030,Advertising,OpEx,Sales & Marketing,78671.25,Marketing,CC-M001
TXN-000173,1/1/2023,2023-01,2023,1,1,6100,Salaries - Admin,OpEx,G&A,117037.15,Finance,CC-F001
TXN-000174,1/1/2023,2023-01,2023,1,1,6110,Office Rent,OpEx,G&A,44590.7,Finance,CC-F001
TXN-000175,1/1/2023,2023-01,2023,1,1,6120,Utilities,OpEx,G&A,7821.88,Finance,CC-F001
TXN-000176,1/1/2023,2023-01,2023,1,1,6130,Office Supplies,OpEx,G&A,5657.48,Finance,CC-F001
TXN-000177,1/1/2023,2023-01,2023,1,1,6140,Insurance,OpEx,G&A,11894.85,Finance,CC-F001
TXN-000178,1/1/2023,2023-01,2023,1,1,6150,Professional Fees,OpEx,G&A,19613.86,Finance,CC-F001
TXN-000179,1/1/2023,2023-01,2023,1,1,6200,IT Software & Licenses,OpEx,Technology,34894.61,IT,CC-I001
TXN-000180,1/1/2023,2023-01,2023,1,1,6210,IT Salaries,OpEx,Technology,92450.2,IT,CC-I001
TXN-000181,1/1/2023,2023-01,2023,1,1,6220,Cloud Services,OpEx,Technology,27033.13,IT,CC-I001
TXN-000182,1/1/2023,2023-01,2023,1,1,6300,R&D Salaries,OpEx,R&D,113640.69,R&D,CC-R001
TXN-000183,1/1/2023,2023-01,2023,1,1,6310,R&D Materials,OpEx,R&D,38797.78,R&D,CC-R001
TXN-000184,1/1/2023,2023-01,2023,1,1,6400,Travel & Entertainment,OpEx,G&A,18301.59,Sales,CC-S002
TXN-000185,1/1/2023,2023-01,2023,1,1,6410,Training & Development,OpEx,G&A,17723.28,HR,CC-H001
TXN-000186,1/1/2023,2023-01,2023,1,1,6420,Depreciation,OpEx,G&A,21925.6,Finance,CC-F001
TXN-000005,2/1/2023,2023-02,2023,2,1,4000,Product Sales Revenue,Revenue,Revenue,453038.47,Sales,CC-S002
TXN-000006,2/1/2023,2023-02,2023,2,1,4100,Service Revenue,Revenue,Revenue,319791.86,Sales,CC-S001
TXN-000007,2/1/2023,2023-02,2023,2,1,4200,Subscription Revenue,Revenue,Revenue,160650,Sales,CC-S001
TXN-000008,2/1/2023,2023-02,2023,2,1,4900,Other Revenue,Revenue,Revenue,52253.57,Finance,CC-F001
TXN-000100,2/1/2023,2023-02,2023,2,1,5000,Cost of Products Sold,COGS,COGS,259795.37,Operations,CC-O002
TXN-000101,2/1/2023,2023-02,2023,2,1,5100,Direct Labor,COGS,COGS,129897.69,Operations,CC-O002
TXN-000102,2/1/2023,2023-02,2023,2,1,5200,Manufacturing Overhead,COGS,COGS,43299.23,Operations,CC-O003
TXN-000187,2/1/2023,2023-02,2023,2,1,6000,Salaries - Sales,OpEx,Sales & Marketing,147925.09,Sales,CC-S001
TXN-000188,2/1/2023,2023-02,2023,2,1,6010,Commissions,OpEx,Sales & Marketing,85952.35,Sales,CC-S001
TXN-000189,2/1/2023,2023-02,2023,2,1,6020,Marketing Expenses,OpEx,Sales & Marketing,116085.2,Marketing,CC-M001
TXN-000190,2/1/2023,2023-02,2023,2,1,6030,Advertising,OpEx,Sales & Marketing,61048.58,Marketing,CC-M001
TXN-000191,2/1/2023,2023-02,2023,2,1,6100,Salaries - Admin,OpEx,G&A,122507.35,Finance,CC-F001
TXN-000192,2/1/2023,2023-02,2023,2,1,6110,Office Rent,OpEx,G&A,45477.63,Finance,CC-F001
TXN-000193,2/1/2023,2023-02,2023,2,1,6120,Utilities,OpEx,G&A,8077.89,Finance,CC-F001
TXN-000194,2/1/2023,2023-02,2023,2,1,6130,Office Supplies,OpEx,G&A,4071.77,Finance,CC-F001
TXN-000195,2/1/2023,2023-02,2023,2,1,6140,Insurance,OpEx,G&A,11835.92,Finance,CC-F001
TXN-000196,2/1/2023,2023-02,2023,2,1,6150,Professional Fees,OpEx,G&A,22330.12,Finance,CC-F001
TXN-000197,2/1/2023,2023-02,2023,2,1,6200,IT Software & Licenses,OpEx,Technology,45122.73,IT,CC-I001
TXN-000198,2/1/2023,2023-02,2023,2,1,6210,IT Salaries,OpEx,Technology,89654.28,IT,CC-I001
TXN-000199,2/1/2023,2023-02,2023,2,1,6220,Cloud Services,OpEx,Technology,28519.38,IT,CC-I001
TXN-000200,2/1/2023,2023-02,2023,2,1,6300,R&D Salaries,OpEx,R&D,106848.84,R&D,CC-R001
TXN-000201,2/1/2023,2023-02,2023,2,1,6310,R&D Materials,OpEx,R&D,41227.68,R&D,CC-R001
TXN-000202,2/1/2023,2023-02,2023,2,1,6400,Travel & Entertainment,OpEx,G&A,21712.45,Sales,CC-S001
TXN-000203,2/1/2023,2023-02,2023,2,1,6410,Training & Development,OpEx,G&A,17366.81,HR,CC-H001
TXN-000204,2/1/2023,2023-02,2023,2,1,6420,Depreciation,OpEx,G&A,22287.29,Finance,CC-F001
TXN-000009,3/1/2023,2023-03,2023,3,1,4000,Product Sales Revenue,Revenue,Revenue,532268.32,Sales,CC-S001
TXN-000010,3/1/2023,2023-03,2023,3,1,4100,Service Revenue,Revenue,Revenue,319360.99,Sales,CC-S001
TXN-000011,3/1/2023,2023-03,2023,3,1,4200,Subscription Revenue,Revenue,Revenue,163863,Sales,CC-S001
TXN-000012,3/1/2023,2023-03,2023,3,1,4900,Other Revenue,Revenue,Revenue,51159.97,Finance,CC-F001
TXN-000103,3/1/2023,2023-03,2023,3,1,5000,Cost of Products Sold,COGS,COGS,262386.02,Operations,CC-O002
TXN-000104,3/1/2023,2023-03,2023,3,1,5100,Direct Labor,COGS,COGS,131193.01,Operations,CC-O001
TXN-000105,3/1/2023,2023-03,2023,3,1,5200,Manufacturing Overhead,COGS,COGS,43731,Operations,CC-O002
TXN-000205,3/1/2023,2023-03,2023,3,1,6000,Salaries - Sales,OpEx,Sales & Marketing,156131.95,Sales,CC-S001
TXN-000206,3/1/2023,2023-03,2023,3,1,6010,Commissions,OpEx,Sales & Marketing,76375.8,Sales,CC-S002
TXN-000207,3/1/2023,2023-03,2023,3,1,6020,Marketing Expenses,OpEx,Sales & Marketing,89993.73,Marketing,CC-M001
TXN-000208,3/1/2023,2023-03,2023,3,1,6030,Advertising,OpEx,Sales & Marketing,87780.32,Marketing,CC-M001
TXN-000209,3/1/2023,2023-03,2023,3,1,6100,Salaries - Admin,OpEx,G&A,117595.15,Finance,CC-F001
TXN-000210,3/1/2023,2023-03,2023,3,1,6110,Office Rent,OpEx,G&A,45367.44,Finance,CC-F001
TXN-000211,3/1/2023,2023-03,2023,3,1,6120,Utilities,OpEx,G&A,7464.47,Finance,CC-F001
TXN-000212,3/1/2023,2023-03,2023,3,1,6130,Office Supplies,OpEx,G&A,5943.7,Finance,CC-F001
TXN-000213,3/1/2023,2023-03,2023,3,1,6140,Insurance,OpEx,G&A,12127.11,Finance,CC-F001
TXN-000214,3/1/2023,2023-03,2023,3,1,6150,Professional Fees,OpEx,G&A,23180.16,Finance,CC-F001
TXN-000215,3/1/2023,2023-03,2023,3,1,6200,IT Software & Licenses,OpEx,Technology,45997.27,IT,CC-I001
TXN-000216,3/1/2023,2023-03,2023,3,1,6210,IT Salaries,OpEx,Technology,90859.99,IT,CC-I001
TXN-000217,3/1/2023,2023-03,2023,3,1,6220,Cloud Services,OpEx,Technology,52323.07,IT,CC-I001
TXN-000218,3/1/2023,2023-03,2023,3,1,6300,R&D Salaries,OpEx,R&D,111129.28,R&D,CC-R001
TXN-000219,3/1/2023,2023-03,2023,3,1,6310,R&D Materials,OpEx,R&D,32214.74,R&D,CC-R001
TXN-000220,3/1/2023,2023-03,2023,3,1,6400,Travel & Entertainment,OpEx,G&A,17040.68,Sales,CC-S002
TXN-000221,3/1/2023,2023-03,2023,3,1,6410,Training & Development,OpEx,G&A,15067.62,HR,CC-H001
TXN-000222,3/1/2023,2023-03,2023,3,1,6420,Depreciation,OpEx,G&A,22101.72,Finance,CC-F001
TXN-000013,4/1/2023,2023-04,2023,4,2,4000,Product Sales Revenue,Revenue,Revenue,535838.86,Sales,CC-S001
TXN-000014,4/1/2023,2023-04,2023,4,2,4100,Service Revenue,Revenue,Revenue,321503.32,Sales,CC-S001
TXN-000015,4/1/2023,2023-04,2023,4,2,4200,Subscription Revenue,Revenue,Revenue,167140.26,Sales,CC-S001
TXN-000016,4/1/2023,2023-04,2023,4,2,4900,Other Revenue,Revenue,Revenue,50493.29,Finance,CC-F001
TXN-000106,4/1/2023,2023-04,2023,4,2,5000,Cost of Products Sold,COGS,COGS,274577.86,Operations,CC-O002
TXN-000107,4/1/2023,2023-04,2023,4,2,5100,Direct Labor,COGS,COGS,137288.93,Operations,CC-O001
TXN-000108,4/1/2023,2023-04,2023,4,2,5200,Manufacturing Overhead,COGS,COGS,45762.98,Operations,CC-O003
TXN-000223,4/1/2023,2023-04,2023,4,2,6000,Salaries - Sales,OpEx,Sales & Marketing,156233.16,Sales,CC-S001
TXN-000224,4/1/2023,2023-04,2023,4,2,6010,Commissions,OpEx,Sales & Marketing,86759.35,Sales,CC-S001
TXN-000225,4/1/2023,2023-04,2023,4,2,6020,Marketing Expenses,OpEx,Sales & Marketing,106871.62,Marketing,CC-M001
TXN-000226,4/1/2023,2023-04,2023,4,2,6030,Advertising,OpEx,Sales & Marketing,77486.67,Marketing,CC-M001
TXN-000227,4/1/2023,2023-04,2023,4,2,6100,Salaries - Admin,OpEx,G&A,124250.39,Finance,CC-F001
TXN-000228,4/1/2023,2023-04,2023,4,2,6110,Office Rent,OpEx,G&A,81492.86,Finance,CC-F001
TXN-000229,4/1/2023,2023-04,2023,4,2,6120,Utilities,OpEx,G&A,14765.48,Finance,CC-F001
TXN-000230,4/1/2023,2023-04,2023,4,2,6130,Office Supplies,OpEx,G&A,4519.79,Finance,CC-F001
TXN-000231,4/1/2023,2023-04,2023,4,2,6140,Insurance,OpEx,G&A,12021.35,Finance,CC-F001
TXN-000232,4/1/2023,2023-04,2023,4,2,6150,Professional Fees,OpEx,G&A,23650.55,Finance,CC-F001
TXN-000233,4/1/2023,2023-04,2023,4,2,6200,IT Software & Licenses,OpEx,Technology,36185.01,IT,CC-I001
TXN-000234,4/1/2023,2023-04,2023,4,2,6210,IT Salaries,OpEx,Technology,87819.08,IT,CC-I001
TXN-000235,4/1/2023,2023-04,2023,4,2,6220,Cloud Services,OpEx,Technology,32748,IT,CC-I001
TXN-000236,4/1/2023,2023-04,2023,4,2,6300,R&D Salaries,OpEx,R&D,114507.95,R&D,CC-R001
TXN-000237,4/1/2023,2023-04,2023,4,2,6310,R&D Materials,OpEx,R&D,36309.4,R&D,CC-R001
TXN-000238,4/1/2023,2023-04,2023,4,2,6400,Travel & Entertainment,OpEx,G&A,17155.76,Sales,CC-S002
TXN-000239,4/1/2023,2023-04,2023,4,2,6410,Training & Development,OpEx,G&A,18248.8,HR,CC-H001
TXN-000240,4/1/2023,2023-04,2023,4,2,6420,Depreciation,OpEx,G&A,22389.44,Finance,CC-F001
TXN-000017,5/1/2023,2023-05,2023,5,2,4000,Product Sales Revenue,Revenue,Revenue,522599.26,Sales,CC-S002
TXN-000018,5/1/2023,2023-05,2023,5,2,4100,Service Revenue,Revenue,Revenue,313559.55,Sales,CC-S001
TXN-000019,5/1/2023,2023-05,2023,5,2,4200,Subscription Revenue,Revenue,Revenue,170483.07,Sales,CC-S001
TXN-000020,5/1/2023,2023-05,2023,5,2,4900,Other Revenue,Revenue,Revenue,48280.09,Finance,CC-F001
TXN-000109,5/1/2023,2023-05,2023,5,2,5000,Cost of Products Sold,COGS,COGS,271929.81,Operations,CC-O002
TXN-000110,5/1/2023,2023-05,2023,5,2,5100,Direct Labor,COGS,COGS,135964.9,Operations,CC-O003
TXN-000111,5/1/2023,2023-05,2023,5,2,5200,Manufacturing Overhead,COGS,COGS,45321.63,Operations,CC-O003
TXN-000241,5/1/2023,2023-05,2023,5,2,6000,Salaries - Sales,OpEx,Sales & Marketing,150692.91,Sales,CC-S001
TXN-000242,5/1/2023,2023-05,2023,5,2,6010,Commissions,OpEx,Sales & Marketing,91321.26,Sales,CC-S002
TXN-000243,5/1/2023,2023-05,2023,5,2,6020,Marketing Expenses,OpEx,Sales & Marketing,113418.92,Marketing,CC-M001
TXN-000244,5/1/2023,2023-05,2023,5,2,6030,Advertising,OpEx,Sales & Marketing,60593.35,Marketing,CC-M001
TXN-000245,5/1/2023,2023-05,2023,5,2,6100,Salaries - Admin,OpEx,G&A,125326.98,Finance,CC-F001
TXN-000246,5/1/2023,2023-05,2023,5,2,6110,Office Rent,OpEx,G&A,45449.44,Finance,CC-F001
TXN-000247,5/1/2023,2023-05,2023,5,2,6120,Utilities,OpEx,G&A,13317.8,Finance,CC-F001
TXN-000248,5/1/2023,2023-05,2023,5,2,6130,Office Supplies,OpEx,G&A,5199.42,Finance,CC-F001
TXN-000249,5/1/2023,2023-05,2023,5,2,6140,Insurance,OpEx,G&A,12314.4,Finance,CC-F001
TXN-000250,5/1/2023,2023-05,2023,5,2,6150,Professional Fees,OpEx,G&A,28746.34,Finance,CC-F001
TXN-000251,5/1/2023,2023-05,2023,5,2,6200,IT Software & Licenses,OpEx,Technology,38662.89,IT,CC-I001
TXN-000252,5/1/2023,2023-05,2023,5,2,6210,IT Salaries,OpEx,Technology,93173.63,IT,CC-I001
TXN-000253,5/1/2023,2023-05,2023,5,2,6220,Cloud Services,OpEx,Technology,31564.59,IT,CC-I001
TXN-000254,5/1/2023,2023-05,2023,5,2,6300,R&D Salaries,OpEx,R&D,104905.65,R&D,CC-R001
TXN-000255,5/1/2023,2023-05,2023,5,2,6310,R&D Materials,OpEx,R&D,32347.09,R&D,CC-R001
TXN-000256,5/1/2023,2023-05,2023,5,2,6400,Travel & Entertainment,OpEx,G&A,26189.65,Sales,CC-S001
TXN-000257,5/1/2023,2023-05,2023,5,2,6410,Training & Development,OpEx,G&A,18299.16,HR,CC-H001
TXN-000258,5/1/2023,2023-05,2023,5,2,6420,Depreciation,OpEx,G&A,22572.31,Finance,CC-F001
TXN-000021,6/1/2023,2023-06,2023,6,2,4000,Product Sales Revenue,Revenue,Revenue,613007.4,Sales,CC-S001
TXN-000022,6/1/2023,2023-06,2023,6,2,4100,Service Revenue,Revenue,Revenue,319829.95,Sales,CC-S001
TXN-000023,6/1/2023,2023-06,2023,6,2,4200,Subscription Revenue,Revenue,Revenue,173892.73,Sales,CC-S001
TXN-000024,6/1/2023,2023-06,2023,6,2,4900,Other Revenue,Revenue,Revenue,48279.97,Finance,CC-F001
TXN-000112,6/1/2023,2023-06,2023,6,2,5000,Cost of Products Sold,COGS,COGS,278811.93,Operations,CC-O003
TXN-000113,6/1/2023,2023-06,2023,6,2,5100,Direct Labor,COGS,COGS,139405.97,Operations,CC-O001
TXN-000114,6/1/2023,2023-06,2023,6,2,5200,Manufacturing Overhead,COGS,COGS,46468.66,Operations,CC-O003
TXN-000259,6/1/2023,2023-06,2023,6,2,6000,Salaries - Sales,OpEx,Sales & Marketing,154957.59,Sales,CC-S001
TXN-000260,6/1/2023,2023-06,2023,6,2,6010,Commissions,OpEx,Sales & Marketing,74515.09,Sales,CC-S001
TXN-000261,6/1/2023,2023-06,2023,6,2,6020,Marketing Expenses,OpEx,Sales & Marketing,170474.81,Marketing,CC-M001
TXN-000262,6/1/2023,2023-06,2023,6,2,6030,Advertising,OpEx,Sales & Marketing,64474.42,Marketing,CC-M001
TXN-000263,6/1/2023,2023-06,2023,6,2,6100,Salaries - Admin,OpEx,G&A,126370.54,Finance,CC-F001
TXN-000264,6/1/2023,2023-06,2023,6,2,6110,Office Rent,OpEx,G&A,90376.28,Finance,CC-F001
TXN-000265,6/1/2023,2023-06,2023,6,2,6120,Utilities,OpEx,G&A,8083.54,Finance,CC-F001
TXN-000266,6/1/2023,2023-06,2023,6,2,6130,Office Supplies,OpEx,G&A,6076.41,Finance,CC-F001
TXN-000267,6/1/2023,2023-06,2023,6,2,6140,Insurance,OpEx,G&A,12200.85,Finance,CC-F001
TXN-000268,6/1/2023,2023-06,2023,6,2,6150,Professional Fees,OpEx,G&A,31028.77,Finance,CC-F001
TXN-000269,6/1/2023,2023-06,2023,6,2,6200,IT Software & Licenses,OpEx,Technology,36940.77,IT,CC-I001
TXN-000270,6/1/2023,2023-06,2023,6,2,6210,IT Salaries,OpEx,Technology,96289.18,IT,CC-I001
TXN-000271,6/1/2023,2023-06,2023,6,2,6220,Cloud Services,OpEx,Technology,31185.95,IT,CC-I001
TXN-000272,6/1/2023,2023-06,2023,6,2,6300,R&D Salaries,OpEx,R&D,114843.4,R&D,CC-R001
TXN-000273,6/1/2023,2023-06,2023,6,2,6310,R&D Materials,OpEx,R&D,30715.2,R&D,CC-R001
TXN-000274,6/1/2023,2023-06,2023,6,2,6400,Travel & Entertainment,OpEx,G&A,25145.78,Sales,CC-S001
TXN-000275,6/1/2023,2023-06,2023,6,2,6410,Training & Development,OpEx,G&A,16892.3,HR,CC-H001
TXN-000276,6/1/2023,2023-06,2023,6,2,6420,Depreciation,OpEx,G&A,22490.29,Finance,CC-F001
TXN-000025,7/1/2023,2023-07,2023,7,3,4000,Product Sales Revenue,Revenue,Revenue,618927.39,Sales,CC-S001
TXN-000026,7/1/2023,2023-07,2023,7,3,4100,Service Revenue,Revenue,Revenue,322918.64,Sales,CC-S001
TXN-000027,7/1/2023,2023-07,2023,7,3,4200,Subscription Revenue,Revenue,Revenue,177370.58,Sales,CC-S001
TXN-000028,7/1/2023,2023-07,2023,7,3,4900,Other Revenue,Revenue,Revenue,47790.42,Finance,CC-F001
TXN-000115,7/1/2023,2023-07,2023,7,3,5000,Cost of Products Sold,COGS,COGS,301351.96,Operations,CC-O003
TXN-000116,7/1/2023,2023-07,2023,7,3,5100,Direct Labor,COGS,COGS,150675.98,Operations,CC-O001
TXN-000117,7/1/2023,2023-07,2023,7,3,5200,Manufacturing Overhead,COGS,COGS,50225.33,Operations,CC-O003
TXN-000277,7/1/2023,2023-07,2023,7,3,6000,Salaries - Sales,OpEx,Sales & Marketing,159305.4,Sales,CC-S001
TXN-000278,7/1/2023,2023-07,2023,7,3,6010,Commissions,OpEx,Sales & Marketing,91488.83,Sales,CC-S002
TXN-000279,7/1/2023,2023-07,2023,7,3,6020,Marketing Expenses,OpEx,Sales & Marketing,103484.05,Marketing,CC-M001
TXN-000280,7/1/2023,2023-07,2023,7,3,6030,Advertising,OpEx,Sales & Marketing,88786.02,Marketing,CC-M001
TXN-000281,7/1/2023,2023-07,2023,7,3,6100,Salaries - Admin,OpEx,G&A,125118.03,Finance,CC-F001
TXN-000282,7/1/2023,2023-07,2023,7,3,6110,Office Rent,OpEx,G&A,46719.09,Finance,CC-F001
TXN-000283,7/1/2023,2023-07,2023,7,3,6120,Utilities,OpEx,G&A,8036.26,Finance,CC-F001
TXN-000284,7/1/2023,2023-07,2023,7,3,6130,Office Supplies,OpEx,G&A,9204.83,Finance,CC-F001
TXN-000285,7/1/2023,2023-07,2023,7,3,6140,Insurance,OpEx,G&A,12383.09,Finance,CC-F001
TXN-000286,7/1/2023,2023-07,2023,7,3,6150,Professional Fees,OpEx,G&A,41243.8,Finance,CC-F001
TXN-000287,7/1/2023,2023-07,2023,7,3,6200,IT Software & Licenses,OpEx,Technology,45194.65,IT,CC-I001
TXN-000288,7/1/2023,2023-07,2023,7,3,6210,IT Salaries,OpEx,Technology,89257.29,IT,CC-I001
TXN-000289,7/1/2023,2023-07,2023,7,3,6220,Cloud Services,OpEx,Technology,32573.83,IT,CC-I001
TXN-000290,7/1/2023,2023-07,2023,7,3,6300,R&D Salaries,OpEx,R&D,115546.45,R&D,CC-R001
TXN-000291,7/1/2023,2023-07,2023,7,3,6310,R&D Materials,OpEx,R&D,29590.04,R&D,CC-R001
TXN-000292,7/1/2023,2023-07,2023,7,3,6400,Travel & Entertainment,OpEx,G&A,21105.66,Sales,CC-S002
TXN-000293,7/1/2023,2023-07,2023,7,3,6410,Training & Development,OpEx,G&A,17199.34,HR,CC-H001
TXN-000294,7/1/2023,2023-07,2023,7,3,6420,Depreciation,OpEx,G&A,22671.06,Finance,CC-F001
TXN-000029,8/1/2023,2023-08,2023,8,3,4000,Product Sales Revenue,Revenue,Revenue,595373.9,Sales,CC-S001
TXN-000030,8/1/2023,2023-08,2023,8,3,4100,Service Revenue,Revenue,Revenue,357224.34,Sales,CC-S001
TXN-000031,8/1/2023,2023-08,2023,8,3,4200,Subscription Revenue,Revenue,Revenue,180917.99,Sales,CC-S001
TXN-000032,8/1/2023,2023-08,2023,8,3,4900,Other Revenue,Revenue,Revenue,51830.88,Finance,CC-F001
TXN-000118,8/1/2023,2023-08,2023,8,3,5000,Cost of Products Sold,COGS,COGS,290547.21,Operations,CC-O003
TXN-000119,8/1/2023,2023-08,2023,8,3,5100,Direct Labor,COGS,COGS,145273.61,Operations,CC-O001
TXN-000120,8/1/2023,2023-08,2023,8,3,5200,Manufacturing Overhead,COGS,COGS,48424.54,Operations,CC-O001
TXN-000295,8/1/2023,2023-08,2023,8,3,6000,Salaries - Sales,OpEx,Sales & Marketing,159884.24,Sales,CC-S002
TXN-000296,8/1/2023,2023-08,2023,8,3,6010,Commissions,OpEx,Sales & Marketing,81310.23,Sales,CC-S001
TXN-000297,8/1/2023,2023-08,2023,8,3,6020,Marketing Expenses,OpEx,Sales & Marketing,83876.53,Marketing,CC-M001
TXN-000298,8/1/2023,2023-08,2023,8,3,6030,Advertising,OpEx,Sales & Marketing,90694.43,Marketing,CC-M001
TXN-000299,8/1/2023,2023-08,2023,8,3,6100,Salaries - Admin,OpEx,G&A,123561.3,Finance,CC-F001
TXN-000300,8/1/2023,2023-08,2023,8,3,6110,Office Rent,OpEx,G&A,46269.87,Finance,CC-F001
TXN-000301,8/1/2023,2023-08,2023,8,3,6120,Utilities,OpEx,G&A,8364.21,Finance,CC-F001
TXN-000302,8/1/2023,2023-08,2023,8,3,6130,Office Supplies,OpEx,G&A,5508.38,Finance,CC-F001
TXN-000303,8/1/2023,2023-08,2023,8,3,6140,Insurance,OpEx,G&A,12650.05,Finance,CC-F001
TXN-000304,8/1/2023,2023-08,2023,8,3,6150,Professional Fees,OpEx,G&A,26727.45,Finance,CC-F001
TXN-000305,8/1/2023,2023-08,2023,8,3,6200,IT Software & Licenses,OpEx,Technology,40414.44,IT,CC-I001
TXN-000306,8/1/2023,2023-08,2023,8,3,6210,IT Salaries,OpEx,Technology,91837.95,IT,CC-I001
TXN-000307,8/1/2023,2023-08,2023,8,3,6220,Cloud Services,OpEx,Technology,28043.41,IT,CC-I001
TXN-000308,8/1/2023,2023-08,2023,8,3,6300,R&D Salaries,OpEx,R&D,203595.28,R&D,CC-R001
TXN-000309,8/1/2023,2023-08,2023,8,3,6310,R&D Materials,OpEx,R&D,39188.62,R&D,CC-R001
TXN-000310,8/1/2023,2023-08,2023,8,3,6400,Travel & Entertainment,OpEx,G&A,15710.16,Sales,CC-S002
TXN-000311,8/1/2023,2023-08,2023,8,3,6410,Training & Development,OpEx,G&A,15324.01,HR,CC-H001
TXN-000312,8/1/2023,2023-08,2023,8,3,6420,Depreciation,OpEx,G&A,22747.2,Finance,CC-F001
TXN-000033,9/1/2023,2023-09,2023,9,3,4000,Product Sales Revenue,Revenue,Revenue,591753.31,Sales,CC-S002
TXN-000034,9/1/2023,2023-09,2023,9,3,4100,Service Revenue,Revenue,Revenue,355051.98,Sales,CC-S001
TXN-000035,9/1/2023,2023-09,2023,9,3,4200,Subscription Revenue,Revenue,Revenue,184536.35,Sales,CC-S001
TXN-000036,9/1/2023,2023-09,2023,9,3,4900,Other Revenue,Revenue,Revenue,50505.58,Finance,CC-F001
TXN-000121,9/1/2023,2023-09,2023,9,3,5000,Cost of Products Sold,COGS,COGS,285949.76,Operations,CC-O002
TXN-000122,9/1/2023,2023-09,2023,9,3,5100,Direct Labor,COGS,COGS,142974.88,Operations,CC-O002
TXN-000123,9/1/2023,2023-09,2023,9,3,5200,Manufacturing Overhead,COGS,COGS,47658.29,Operations,CC-O002
TXN-000313,9/1/2023,2023-09,2023,9,3,6000,Salaries - Sales,OpEx,Sales & Marketing,157883.13,Sales,CC-S001
TXN-000314,9/1/2023,2023-09,2023,9,3,6010,Commissions,OpEx,Sales & Marketing,71885.33,Sales,CC-S001
TXN-000315,9/1/2023,2023-09,2023,9,3,6020,Marketing Expenses,OpEx,Sales & Marketing,109288.29,Marketing,CC-M001
TXN-000316,9/1/2023,2023-09,2023,9,3,6030,Advertising,OpEx,Sales & Marketing,91947.29,Marketing,CC-M001
TXN-000317,9/1/2023,2023-09,2023,9,3,6100,Salaries - Admin,OpEx,G&A,122334.84,Finance,CC-F001
TXN-000318,9/1/2023,2023-09,2023,9,3,6110,Office Rent,OpEx,G&A,84186.6,Finance,CC-F001
TXN-000319,9/1/2023,2023-09,2023,9,3,6120,Utilities,OpEx,G&A,9056.9,Finance,CC-F001
TXN-000320,9/1/2023,2023-09,2023,9,3,6130,Office Supplies,OpEx,G&A,4969.78,Finance,CC-F001
TXN-000321,9/1/2023,2023-09,2023,9,3,6140,Insurance,OpEx,G&A,12465.15,Finance,CC-F001
TXN-000322,9/1/2023,2023-09,2023,9,3,6150,Professional Fees,OpEx,G&A,32902.66,Finance,CC-F001
TXN-000323,9/1/2023,2023-09,2023,9,3,6200,IT Software & Licenses,OpEx,Technology,47378.43,IT,CC-I001
TXN-000324,9/1/2023,2023-09,2023,9,3,6210,IT Salaries,OpEx,Technology,90796.24,IT,CC-I001
TXN-000325,9/1/2023,2023-09,2023,9,3,6220,Cloud Services,OpEx,Technology,44440.31,IT,CC-I001
TXN-000326,9/1/2023,2023-09,2023,9,3,6300,R&D Salaries,OpEx,R&D,117806.37,R&D,CC-R001
TXN-000327,9/1/2023,2023-09,2023,9,3,6310,R&D Materials,OpEx,R&D,33780.52,R&D,CC-R001
TXN-000328,9/1/2023,2023-09,2023,9,3,6400,Travel & Entertainment,OpEx,G&A,14857.57,Sales,CC-S001
TXN-000329,9/1/2023,2023-09,2023,9,3,6410,Training & Development,OpEx,G&A,13905.15,HR,CC-H001
TXN-000330,9/1/2023,2023-09,2023,9,3,6420,Depreciation,OpEx,G&A,22981.07,Finance,CC-F001
TXN-000037,10/1/2023,2023-10,2023,10,4,4000,Product Sales Revenue,Revenue,Revenue,609979.58,Sales,CC-S002
TXN-000038,10/1/2023,2023-10,2023,10,4,4100,Service Revenue,Revenue,Revenue,365987.75,Sales,CC-S002
TXN-000039,10/1/2023,2023-10,2023,10,4,4200,Subscription Revenue,Revenue,Revenue,188227.08,Sales,CC-S001
TXN-000040,10/1/2023,2023-10,2023,10,4,4900,Other Revenue,Revenue,Revenue,51040.36,Finance,CC-F001
TXN-000124,10/1/2023,2023-10,2023,10,4,5000,Cost of Products Sold,COGS,COGS,326249.91,Operations,CC-O003
TXN-000125,10/1/2023,2023-10,2023,10,4,5100,Direct Labor,COGS,COGS,163124.95,Operations,CC-O003
TXN-000126,10/1/2023,2023-10,2023,10,4,5200,Manufacturing Overhead,COGS,COGS,54374.98,Operations,CC-O003
TXN-000331,10/1/2023,2023-10,2023,10,4,6000,Salaries - Sales,OpEx,Sales & Marketing,162744.7,Sales,CC-S001
TXN-000332,10/1/2023,2023-10,2023,10,4,6010,Commissions,OpEx,Sales & Marketing,91254.94,Sales,CC-S001
TXN-000333,10/1/2023,2023-10,2023,10,4,6020,Marketing Expenses,OpEx,Sales & Marketing,91060.52,Marketing,CC-M001
TXN-000334,10/1/2023,2023-10,2023,10,4,6030,Advertising,OpEx,Sales & Marketing,90442.34,Marketing,CC-M001
TXN-000335,10/1/2023,2023-10,2023,10,4,6100,Salaries - Admin,OpEx,G&A,124802.22,Finance,CC-F001
TXN-000336,10/1/2023,2023-10,2023,10,4,6110,Office Rent,OpEx,G&A,47307.59,Finance,CC-F001
TXN-000337,10/1/2023,2023-10,2023,10,4,6120,Utilities,OpEx,G&A,9084.57,Finance,CC-F001
TXN-000338,10/1/2023,2023-10,2023,10,4,6130,Office Supplies,OpEx,G&A,5079.03,Finance,CC-F001
TXN-000339,10/1/2023,2023-10,2023,10,4,6140,Insurance,OpEx,G&A,12673.74,Finance,CC-F001
TXN-000340,10/1/2023,2023-10,2023,10,4,6150,Professional Fees,OpEx,G&A,32450.54,Finance,CC-F001
TXN-000341,10/1/2023,2023-10,2023,10,4,6200,IT Software & Licenses,OpEx,Technology,45915.74,IT,CC-I001
TXN-000342,10/1/2023,2023-10,2023,10,4,6210,IT Salaries,OpEx,Technology,97816.68,IT,CC-I001
TXN-000343,10/1/2023,2023-10,2023,10,4,6220,Cloud Services,OpEx,Technology,28296.48,IT,CC-I001
TXN-000344,10/1/2023,2023-10,2023,10,4,6300,R&D Salaries,OpEx,R&D,107484.35,R&D,CC-R001
TXN-000345,10/1/2023,2023-10,2023,10,4,6310,R&D Materials,OpEx,R&D,43180.06,R&D,CC-R001
TXN-000346,10/1/2023,2023-10,2023,10,4,6400,Travel & Entertainment,OpEx,G&A,21831.35,Sales,CC-S001
TXN-000347,10/1/2023,2023-10,2023,10,4,6410,Training & Development,OpEx,G&A,15278.25,HR,CC-H001
TXN-000348,10/1/2023,2023-10,2023,10,4,6420,Depreciation,OpEx,G&A,22922.18,Finance,CC-F001
TXN-000041,11/1/2023,2023-11,2023,11,4,4000,Product Sales Revenue,Revenue,Revenue,754360.06,Sales,CC-S001
TXN-000042,11/1/2023,2023-11,2023,11,4,4100,Service Revenue,Revenue,Revenue,348166.18,Sales,CC-S001
TXN-000043,11/1/2023,2023-11,2023,11,4,4200,Subscription Revenue,Revenue,Revenue,191991.62,Sales,CC-S001
TXN-000044,11/1/2023,2023-11,2023,11,4,4900,Other Revenue,Revenue,Revenue,47602.92,Finance,CC-F001
TXN-000127,11/1/2023,2023-11,2023,11,4,5000,Cost of Products Sold,COGS,COGS,360988.83,Operations,CC-O001
TXN-000128,11/1/2023,2023-11,2023,11,4,5100,Direct Labor,COGS,COGS,180494.42,Operations,CC-O003
TXN-000129,11/1/2023,2023-11,2023,11,4,5200,Manufacturing Overhead,COGS,COGS,60164.81,Operations,CC-O002
TXN-000349,11/1/2023,2023-11,2023,11,4,6000,Salaries - Sales,OpEx,Sales & Marketing,161577.42,Sales,CC-S001
TXN-000350,11/1/2023,2023-11,2023,11,4,6010,Commissions,OpEx,Sales & Marketing,91356.34,Sales,CC-S001
TXN-000351,11/1/2023,2023-11,2023,11,4,6020,Marketing Expenses,OpEx,Sales & Marketing,104832.17,Marketing,CC-M001
TXN-000352,11/1/2023,2023-11,2023,11,4,6030,Advertising,OpEx,Sales & Marketing,80751.44,Marketing,CC-M001
TXN-000353,11/1/2023,2023-11,2023,11,4,6100,Salaries - Admin,OpEx,G&A,129012.9,Finance,CC-F001
TXN-000354,11/1/2023,2023-11,2023,11,4,6110,Office Rent,OpEx,G&A,46917.9,Finance,CC-F001
TXN-000355,11/1/2023,2023-11,2023,11,4,6120,Utilities,OpEx,G&A,8844.95,Finance,CC-F001
TXN-000356,11/1/2023,2023-11,2023,11,4,6130,Office Supplies,OpEx,G&A,4415.16,Finance,CC-F001
TXN-000357,11/1/2023,2023-11,2023,11,4,6140,Insurance,OpEx,G&A,12709.35,Finance,CC-F001
TXN-000358,11/1/2023,2023-11,2023,11,4,6150,Professional Fees,OpEx,G&A,31339.18,Finance,CC-F001
TXN-000359,11/1/2023,2023-11,2023,11,4,6200,IT Software & Licenses,OpEx,Technology,36748.31,IT,CC-I001
TXN-000360,11/1/2023,2023-11,2023,11,4,6210,IT Salaries,OpEx,Technology,99161.66,IT,CC-I001
TXN-000361,11/1/2023,2023-11,2023,11,4,6220,Cloud Services,OpEx,Technology,30704.53,IT,CC-I001
TXN-000362,11/1/2023,2023-11,2023,11,4,6300,R&D Salaries,OpEx,R&D,123843.73,R&D,CC-R001
TXN-000363,11/1/2023,2023-11,2023,11,4,6310,R&D Materials,OpEx,R&D,40500.36,R&D,CC-R001
TXN-000364,11/1/2023,2023-11,2023,11,4,6400,Travel & Entertainment,OpEx,G&A,15762.11,Sales,CC-S001
TXN-000365,11/1/2023,2023-11,2023,11,4,6410,Training & Development,OpEx,G&A,16220.23,HR,CC-H001
TXN-000366,11/1/2023,2023-11,2023,11,4,6420,Depreciation,OpEx,G&A,23302.52,Finance,CC-F001
TXN-000045,12/1/2023,2023-12,2023,12,4,4000,Product Sales Revenue,Revenue,Revenue,846171.1,Sales,CC-S002
TXN-000046,12/1/2023,2023-12,2023,12,4,4100,Service Revenue,Revenue,Revenue,390540.51,Sales,CC-S002
TXN-000047,12/1/2023,2023-12,2023,12,4,4200,Subscription Revenue,Revenue,Revenue,195831.45,Sales,CC-S001
TXN-000048,12/1/2023,2023-12,2023,12,4,4900,Other Revenue,Revenue,Revenue,52349.55,Finance,CC-F001
TXN-000130,12/1/2023,2023-12,2023,12,4,5000,Cost of Products Sold,COGS,COGS,392385.72,Operations,CC-O001
TXN-000131,12/1/2023,2023-12,2023,12,4,5100,Direct Labor,COGS,COGS,196192.86,Operations,CC-O001
TXN-000132,12/1/2023,2023-12,2023,12,4,5200,Manufacturing Overhead,COGS,COGS,65397.62,Operations,CC-O001
TXN-000367,12/1/2023,2023-12,2023,12,4,6000,Salaries - Sales,OpEx,Sales & Marketing,274428.67,Sales,CC-S002
TXN-000368,12/1/2023,2023-12,2023,12,4,6010,Commissions,OpEx,Sales & Marketing,73211.83,Sales,CC-S001
TXN-000369,12/1/2023,2023-12,2023,12,4,6020,Marketing Expenses,OpEx,Sales & Marketing,89416.07,Marketing,CC-M001
TXN-000370,12/1/2023,2023-12,2023,12,4,6030,Advertising,OpEx,Sales & Marketing,88915.3,Marketing,CC-M001
TXN-000371,12/1/2023,2023-12,2023,12,4,6100,Salaries - Admin,OpEx,G&A,130192.88,Finance,CC-F001
TXN-000372,12/1/2023,2023-12,2023,12,4,6110,Office Rent,OpEx,G&A,47301.41,Finance,CC-F001
TXN-000373,12/1/2023,2023-12,2023,12,4,6120,Utilities,OpEx,G&A,7978.47,Finance,CC-F001
TXN-000374,12/1/2023,2023-12,2023,12,4,6130,Office Supplies,OpEx,G&A,4248.33,Finance,CC-F001
TXN-000375,12/1/2023,2023-12,2023,12,4,6140,Insurance,OpEx,G&A,12436.51,Finance,CC-F001
TXN-000376,12/1/2023,2023-12,2023,12,4,6150,Professional Fees,OpEx,G&A,26830.31,Finance,CC-F001
TXN-000377,12/1/2023,2023-12,2023,12,4,6200,IT Software & Licenses,OpEx,Technology,36827.52,IT,CC-I001
TXN-000378,12/1/2023,2023-12,2023,12,4,6210,IT Salaries,OpEx,Technology,99468.84,IT,CC-I001
TXN-000379,12/1/2023,2023-12,2023,12,4,6220,Cloud Services,OpEx,Technology,32489.61,IT,CC-I001
TXN-000380,12/1/2023,2023-12,2023,12,4,6300,R&D Salaries,OpEx,R&D,115278.72,R&D,CC-R001
TXN-000381,12/1/2023,2023-12,2023,12,4,6310,R&D Materials,OpEx,R&D,38194.44,R&D,CC-R001
TXN-000382,12/1/2023,2023-12,2023,12,4,6400,Travel & Entertainment,OpEx,G&A,15355.05,Sales,CC-S002
TXN-000383,12/1/2023,2023-12,2023,12,4,6410,Training & Development,OpEx,G&A,19401.13,HR,CC-H001
TXN-000384,12/1/2023,2023-12,2023,12,4,6420,Depreciation,OpEx,G&A,23204.07,Finance,CC-F001
TXN-000049,1/1/2024,2024-01,2024,1,1,4000,Product Sales Revenue,Revenue,Revenue,556921.51,Sales,CC-S002
TXN-000050,1/1/2024,2024-01,2024,1,1,4100,Service Revenue,Revenue,Revenue,393121.07,Sales,CC-S001
TXN-000051,1/1/2024,2024-01,2024,1,1,4200,Subscription Revenue,Revenue,Revenue,199748.08,Sales,CC-S001
TXN-000052,1/1/2024,2024-01,2024,1,1,4900,Other Revenue,Revenue,Revenue,51662.21,Finance,CC-F001
TXN-000133,1/1/2024,2024-01,2024,1,1,5000,Cost of Products Sold,COGS,COGS,299328.06,Operations,CC-O002
TXN-000134,1/1/2024,2024-01,2024,1,1,5100,Direct Labor,COGS,COGS,149664.03,Operations,CC-O002
TXN-000135,1/1/2024,2024-01,2024,1,1,5200,Manufacturing Overhead,COGS,COGS,49888.01,Operations,CC-O002
TXN-000385,1/1/2024,2024-01,2024,1,1,6000,Salaries - Sales,OpEx,Sales & Marketing,155582.58,Sales,CC-S001
TXN-000386,1/1/2024,2024-01,2024,1,1,6010,Commissions,OpEx,Sales & Marketing,83942.43,Sales,CC-S001
TXN-000387,1/1/2024,2024-01,2024,1,1,6020,Marketing Expenses,OpEx,Sales & Marketing,109633.14,Marketing,CC-M001
TXN-000388,1/1/2024,2024-01,2024,1,1,6030,Advertising,OpEx,Sales & Marketing,98434.52,Marketing,CC-M001
TXN-000389,1/1/2024,2024-01,2024,1,1,6100,Salaries - Admin,OpEx,G&A,128813.56,Finance,CC-F001
TXN-000390,1/1/2024,2024-01,2024,1,1,6110,Office Rent,OpEx,G&A,47555.65,Finance,CC-F001
TXN-000391,1/1/2024,2024-01,2024,1,1,6120,Utilities,OpEx,G&A,8800.22,Finance,CC-F001
TXN-000392,1/1/2024,2024-01,2024,1,1,6130,Office Supplies,OpEx,G&A,6176.02,Finance,CC-F001
TXN-000393,1/1/2024,2024-01,2024,1,1,6140,Insurance,OpEx,G&A,12959.04,Finance,CC-F001
TXN-000394,1/1/2024,2024-01,2024,1,1,6150,Professional Fees,OpEx,G&A,28325.55,Finance,CC-F001
TXN-000395,1/1/2024,2024-01,2024,1,1,6200,IT Software & Licenses,OpEx,Technology,47941.97,IT,CC-I001
TXN-000396,1/1/2024,2024-01,2024,1,1,6210,IT Salaries,OpEx,Technology,153853.58,IT,CC-I001
TXN-000397,1/1/2024,2024-01,2024,1,1,6220,Cloud Services,OpEx,Technology,33801.67,IT,CC-I001
TXN-000398,1/1/2024,2024-01,2024,1,1,6300,R&D Salaries,OpEx,R&D,110164.72,R&D,CC-R001
TXN-000399,1/1/2024,2024-01,2024,1,1,6310,R&D Materials,OpEx,R&D,35360.2,R&D,CC-R001
TXN-000400,1/1/2024,2024-01,2024,1,1,6400,Travel & Entertainment,OpEx,G&A,25571.84,Sales,CC-S002
TXN-000401,1/1/2024,2024-01,2024,1,1,6410,Training & Development,OpEx,G&A,15663.41,HR,CC-H001
TXN-000402,1/1/2024,2024-01,2024,1,1,6420,Depreciation,OpEx,G&A,23232.57,Finance,CC-F001
TXN-000053,2/1/2024,2024-02,2024,2,1,4000,Product Sales Revenue,Revenue,Revenue,533967.72,Sales,CC-S001
TXN-000054,2/1/2024,2024-02,2024,2,1,4100,Service Revenue,Revenue,Revenue,376918.39,Sales,CC-S002
TXN-000055,2/1/2024,2024-02,2024,2,1,4200,Subscription Revenue,Revenue,Revenue,203743.04,Sales,CC-S001
TXN-000056,2/1/2024,2024-02,2024,2,1,4900,Other Revenue,Revenue,Revenue,48561.7,Finance,CC-F001
TXN-000136,2/1/2024,2024-02,2024,2,1,5000,Cost of Products Sold,COGS,COGS,282574.14,Operations,CC-O001
TXN-000137,2/1/2024,2024-02,2024,2,1,5100,Direct Labor,COGS,COGS,141287.07,Operations,CC-O001
TXN-000138,2/1/2024,2024-02,2024,2,1,5200,Manufacturing Overhead,COGS,COGS,47095.69,Operations,CC-O003
TXN-000403,2/1/2024,2024-02,2024,2,1,6000,Salaries - Sales,OpEx,Sales & Marketing,165731.91,Sales,CC-S002
TXN-000404,2/1/2024,2024-02,2024,2,1,6010,Commissions,OpEx,Sales & Marketing,98064.78,Sales,CC-S001
TXN-000405,2/1/2024,2024-02,2024,2,1,6020,Marketing Expenses,OpEx,Sales & Marketing,108963.61,Marketing,CC-M001
TXN-000406,2/1/2024,2024-02,2024,2,1,6030,Advertising,OpEx,Sales & Marketing,97729.51,Marketing,CC-M001
TXN-000407,2/1/2024,2024-02,2024,2,1,6100,Salaries - Admin,OpEx,G&A,125980.85,Finance,CC-F001
TXN-000408,2/1/2024,2024-02,2024,2,1,6110,Office Rent,OpEx,G&A,47614.22,Finance,CC-F001
TXN-000409,2/1/2024,2024-02,2024,2,1,6120,Utilities,OpEx,G&A,8709.09,Finance,CC-F001
TXN-000410,2/1/2024,2024-02,2024,2,1,6130,Office Supplies,OpEx,G&A,5696.07,Finance,CC-F001
TXN-000411,2/1/2024,2024-02,2024,2,1,6140,Insurance,OpEx,G&A,12719.42,Finance,CC-F001
TXN-000412,2/1/2024,2024-02,2024,2,1,6150,Professional Fees,OpEx,G&A,29393.46,Finance,CC-F001
TXN-000413,2/1/2024,2024-02,2024,2,1,6200,IT Software & Licenses,OpEx,Technology,46123.5,IT,CC-I001
TXN-000414,2/1/2024,2024-02,2024,2,1,6210,IT Salaries,OpEx,Technology,99318.83,IT,CC-I001
TXN-000415,2/1/2024,2024-02,2024,2,1,6220,Cloud Services,OpEx,Technology,32369.76,IT,CC-I001
TXN-000416,2/1/2024,2024-02,2024,2,1,6300,R&D Salaries,OpEx,R&D,115449.18,R&D,CC-R001
TXN-000417,2/1/2024,2024-02,2024,2,1,6310,R&D Materials,OpEx,R&D,30277.55,R&D,CC-R001
TXN-000418,2/1/2024,2024-02,2024,2,1,6400,Travel & Entertainment,OpEx,G&A,22859,Sales,CC-S001
TXN-000419,2/1/2024,2024-02,2024,2,1,6410,Training & Development,OpEx,G&A,13695.15,HR,CC-H001
TXN-000420,2/1/2024,2024-02,2024,2,1,6420,Depreciation,OpEx,G&A,23224.3,Finance,CC-F001
TXN-000057,3/1/2024,2024-03,2024,3,1,4000,Product Sales Revenue,Revenue,Revenue,638748.12,Sales,CC-S001
TXN-000058,3/1/2024,2024-03,2024,3,1,4100,Service Revenue,Revenue,Revenue,383248.87,Sales,CC-S001
TXN-000059,3/1/2024,2024-03,2024,3,1,4200,Subscription Revenue,Revenue,Revenue,207817.91,Sales,CC-S001
TXN-000060,3/1/2024,2024-03,2024,3,1,4900,Other Revenue,Revenue,Revenue,48409.12,Finance,CC-F001
TXN-000139,3/1/2024,2024-03,2024,3,1,5000,Cost of Products Sold,COGS,COGS,333011.86,Operations,CC-O003
TXN-000140,3/1/2024,2024-03,2024,3,1,5100,Direct Labor,COGS,COGS,166505.93,Operations,CC-O002
TXN-000141,3/1/2024,2024-03,2024,3,1,5200,Manufacturing Overhead,COGS,COGS,55501.98,Operations,CC-O001
TXN-000421,3/1/2024,2024-03,2024,3,1,6000,Salaries - Sales,OpEx,Sales & Marketing,162069.3,Sales,CC-S002
TXN-000422,3/1/2024,2024-03,2024,3,1,6010,Commissions,OpEx,Sales & Marketing,84059.77,Sales,CC-S002
TXN-000423,3/1/2024,2024-03,2024,3,1,6020,Marketing Expenses,OpEx,Sales & Marketing,100583.61,Marketing,CC-M001
TXN-000424,3/1/2024,2024-03,2024,3,1,6030,Advertising,OpEx,Sales & Marketing,91702.94,Marketing,CC-M001
TXN-000425,3/1/2024,2024-03,2024,3,1,6100,Salaries - Admin,OpEx,G&A,129441.29,Finance,CC-F001
TXN-000426,3/1/2024,2024-03,2024,3,1,6110,Office Rent,OpEx,G&A,48620.73,Finance,CC-F001
TXN-000427,3/1/2024,2024-03,2024,3,1,6120,Utilities,OpEx,G&A,9297.55,Finance,CC-F001
TXN-000428,3/1/2024,2024-03,2024,3,1,6130,Office Supplies,OpEx,G&A,4836.41,Finance,CC-F001
TXN-000429,3/1/2024,2024-03,2024,3,1,6140,Insurance,OpEx,G&A,13096.74,Finance,CC-F001
TXN-000430,3/1/2024,2024-03,2024,3,1,6150,Professional Fees,OpEx,G&A,24020.16,Finance,CC-F001
TXN-000431,3/1/2024,2024-03,2024,3,1,6200,IT Software & Licenses,OpEx,Technology,39494.2,IT,CC-I001
TXN-000432,3/1/2024,2024-03,2024,3,1,6210,IT Salaries,OpEx,Technology,92798.33,IT,CC-I001
TXN-000433,3/1/2024,2024-03,2024,3,1,6220,Cloud Services,OpEx,Technology,29888.47,IT,CC-I001
TXN-000434,3/1/2024,2024-03,2024,3,1,6300,R&D Salaries,OpEx,R&D,120446.69,R&D,CC-R001
TXN-000435,3/1/2024,2024-03,2024,3,1,6310,R&D Materials,OpEx,R&D,35165.46,R&D,CC-R001
TXN-000436,3/1/2024,2024-03,2024,3,1,6400,Travel & Entertainment,OpEx,G&A,21082.07,Sales,CC-S001
TXN-000437,3/1/2024,2024-03,2024,3,1,6410,Training & Development,OpEx,G&A,13430.82,HR,CC-H001
TXN-000438,3/1/2024,2024-03,2024,3,1,6420,Depreciation,OpEx,G&A,23342.01,Finance,CC-F001
TXN-000061,4/1/2024,2024-04,2024,4,2,4000,Product Sales Revenue,Revenue,Revenue,651629.38,Sales,CC-S002
TXN-000062,4/1/2024,2024-04,2024,4,2,4100,Service Revenue,Revenue,Revenue,390977.63,Sales,CC-S001
TXN-000063,4/1/2024,2024-04,2024,4,2,4200,Subscription Revenue,Revenue,Revenue,211974.26,Sales,CC-S001
TXN-000064,4/1/2024,2024-04,2024,4,2,4900,Other Revenue,Revenue,Revenue,48417.02,Finance,CC-F001
TXN-000142,4/1/2024,2024-04,2024,4,2,5000,Cost of Products Sold,COGS,COGS,329925.13,Operations,CC-O003
TXN-000143,4/1/2024,2024-04,2024,4,2,5100,Direct Labor,COGS,COGS,164962.56,Operations,CC-O002
TXN-000144,4/1/2024,2024-04,2024,4,2,5200,Manufacturing Overhead,COGS,COGS,54987.52,Operations,CC-O002
TXN-000439,4/1/2024,2024-04,2024,4,2,6000,Salaries - Sales,OpEx,Sales & Marketing,157826.45,Sales,CC-S002
TXN-000440,4/1/2024,2024-04,2024,4,2,6010,Commissions,OpEx,Sales & Marketing,75458.65,Sales,CC-S001
TXN-000441,4/1/2024,2024-04,2024,4,2,6020,Marketing Expenses,OpEx,Sales & Marketing,105911.92,Marketing,CC-M001
TXN-000442,4/1/2024,2024-04,2024,4,2,6030,Advertising,OpEx,Sales & Marketing,75223.29,Marketing,CC-M001
TXN-000443,4/1/2024,2024-04,2024,4,2,6100,Salaries - Admin,OpEx,G&A,248092.05,Finance,CC-F001
TXN-000444,4/1/2024,2024-04,2024,4,2,6110,Office Rent,OpEx,G&A,48543.86,Finance,CC-F001
TXN-000445,4/1/2024,2024-04,2024,4,2,6120,Utilities,OpEx,G&A,9251.15,Finance,CC-F001
TXN-000446,4/1/2024,2024-04,2024,4,2,6130,Office Supplies,OpEx,G&A,4435.44,Finance,CC-F001
TXN-000447,4/1/2024,2024-04,2024,4,2,6140,Insurance,OpEx,G&A,13070.15,Finance,CC-F001
TXN-000448,4/1/2024,2024-04,2024,4,2,6150,Professional Fees,OpEx,G&A,21808.17,Finance,CC-F001
TXN-000449,4/1/2024,2024-04,2024,4,2,6200,IT Software & Licenses,OpEx,Technology,41367.54,IT,CC-I001
TXN-000450,4/1/2024,2024-04,2024,4,2,6210,IT Salaries,OpEx,Technology,97985.18,IT,CC-I001
TXN-000451,4/1/2024,2024-04,2024,4,2,6220,Cloud Services,OpEx,Technology,32038.12,IT,CC-I001
TXN-000452,4/1/2024,2024-04,2024,4,2,6300,R&D Salaries,OpEx,R&D,109585.89,R&D,CC-R001
TXN-000453,4/1/2024,2024-04,2024,4,2,6310,R&D Materials,OpEx,R&D,40873.9,R&D,CC-R001
TXN-000454,4/1/2024,2024-04,2024,4,2,6400,Travel & Entertainment,OpEx,G&A,21670.78,Sales,CC-S001
TXN-000455,4/1/2024,2024-04,2024,4,2,6410,Training & Development,OpEx,G&A,12969.88,HR,CC-H001
TXN-000456,4/1/2024,2024-04,2024,4,2,6420,Depreciation,OpEx,G&A,23687.44,Finance,CC-F001
TXN-000065,5/1/2024,2024-05,2024,5,2,4000,Product Sales Revenue,Revenue,Revenue,672956.18,Sales,CC-S002
TXN-000066,5/1/2024,2024-05,2024,5,2,4100,Service Revenue,Revenue,Revenue,403773.71,Sales,CC-S002
TXN-000067,5/1/2024,2024-05,2024,5,2,4200,Subscription Revenue,Revenue,Revenue,216213.75,Sales,CC-S001
TXN-000068,5/1/2024,2024-05,2024,5,2,4900,Other Revenue,Revenue,Revenue,49021.21,Finance,CC-F001
TXN-000145,5/1/2024,2024-05,2024,5,2,5000,Cost of Products Sold,COGS,COGS,326984.69,Operations,CC-O003
TXN-000146,5/1/2024,2024-05,2024,5,2,5100,Direct Labor,COGS,COGS,163492.35,Operations,CC-O002
TXN-000147,5/1/2024,2024-05,2024,5,2,5200,Manufacturing Overhead,COGS,COGS,54497.45,Operations,CC-O001
TXN-000457,5/1/2024,2024-05,2024,5,2,6000,Salaries - Sales,OpEx,Sales & Marketing,158408.28,Sales,CC-S002
TXN-000458,5/1/2024,2024-05,2024,5,2,6010,Commissions,OpEx,Sales & Marketing,74028.73,Sales,CC-S001
TXN-000459,5/1/2024,2024-05,2024,5,2,6020,Marketing Expenses,OpEx,Sales & Marketing,95623.01,Marketing,CC-M001
TXN-000460,5/1/2024,2024-05,2024,5,2,6030,Advertising,OpEx,Sales & Marketing,65661.11,Marketing,CC-M001
TXN-000461,5/1/2024,2024-05,2024,5,2,6100,Salaries - Admin,OpEx,G&A,130448.45,Finance,CC-F001
TXN-000462,5/1/2024,2024-05,2024,5,2,6110,Office Rent,OpEx,G&A,48926.33,Finance,CC-F001
TXN-000463,5/1/2024,2024-05,2024,5,2,6120,Utilities,OpEx,G&A,7933.54,Finance,CC-F001
TXN-000464,5/1/2024,2024-05,2024,5,2,6130,Office Supplies,OpEx,G&A,5592.75,Finance,CC-F001
TXN-000465,5/1/2024,2024-05,2024,5,2,6140,Insurance,OpEx,G&A,12936.54,Finance,CC-F001
TXN-000466,5/1/2024,2024-05,2024,5,2,6150,Professional Fees,OpEx,G&A,23518.93,Finance,CC-F001
TXN-000467,5/1/2024,2024-05,2024,5,2,6200,IT Software & Licenses,OpEx,Technology,45132.84,IT,CC-I001
TXN-000468,5/1/2024,2024-05,2024,5,2,6210,IT Salaries,OpEx,Technology,95889.97,IT,CC-I001
TXN-000469,5/1/2024,2024-05,2024,5,2,6220,Cloud Services,OpEx,Technology,33116.06,IT,CC-I001
TXN-000470,5/1/2024,2024-05,2024,5,2,6300,R&D Salaries,OpEx,R&D,111333.67,R&D,CC-R001
TXN-000471,5/1/2024,2024-05,2024,5,2,6310,R&D Materials,OpEx,R&D,33990.32,R&D,CC-R001
TXN-000472,5/1/2024,2024-05,2024,5,2,6400,Travel & Entertainment,OpEx,G&A,17554.15,Sales,CC-S001
TXN-000473,5/1/2024,2024-05,2024,5,2,6410,Training & Development,OpEx,G&A,13566.88,HR,CC-H001
TXN-000474,5/1/2024,2024-05,2024,5,2,6420,Depreciation,OpEx,G&A,23582.34,Finance,CC-F001
TXN-000069,6/1/2024,2024-06,2024,6,2,4000,Product Sales Revenue,Revenue,Revenue,807132.05,Sales,CC-S002
TXN-000070,6/1/2024,2024-06,2024,6,2,4100,Service Revenue,Revenue,Revenue,421112.38,Sales,CC-S001
TXN-000071,6/1/2024,2024-06,2024,6,2,4200,Subscription Revenue,Revenue,Revenue,220538.02,Sales,CC-S001
TXN-000072,6/1/2024,2024-06,2024,6,2,4900,Other Revenue,Revenue,Revenue,50123.78,Finance,CC-F001
TXN-000148,6/1/2024,2024-06,2024,6,2,5000,Cost of Products Sold,COGS,COGS,382004.21,Operations,CC-O002
TXN-000149,6/1/2024,2024-06,2024,6,2,5100,Direct Labor,COGS,COGS,191002.1,Operations,CC-O001
TXN-000150,6/1/2024,2024-06,2024,6,2,5200,Manufacturing Overhead,COGS,COGS,63667.37,Operations,CC-O001
TXN-000475,6/1/2024,2024-06,2024,6,2,6000,Salaries - Sales,OpEx,Sales & Marketing,161465.14,Sales,CC-S002
TXN-000476,6/1/2024,2024-06,2024,6,2,6010,Commissions,OpEx,Sales & Marketing,76779.96,Sales,CC-S001
TXN-000477,6/1/2024,2024-06,2024,6,2,6020,Marketing Expenses,OpEx,Sales & Marketing,129013.59,Marketing,CC-M001
TXN-000478,6/1/2024,2024-06,2024,6,2,6030,Advertising,OpEx,Sales & Marketing,94377.24,Marketing,CC-M001
TXN-000479,6/1/2024,2024-06,2024,6,2,6100,Salaries - Admin,OpEx,G&A,127766.21,Finance,CC-F001
TXN-000480,6/1/2024,2024-06,2024,6,2,6110,Office Rent,OpEx,G&A,49297.24,Finance,CC-F001
TXN-000481,6/1/2024,2024-06,2024,6,2,6120,Utilities,OpEx,G&A,8813.79,Finance,CC-F001
TXN-000482,6/1/2024,2024-06,2024,6,2,6130,Office Supplies,OpEx,G&A,6016.26,Finance,CC-F001
TXN-000483,6/1/2024,2024-06,2024,6,2,6140,Insurance,OpEx,G&A,12942.07,Finance,CC-F001
TXN-000484,6/1/2024,2024-06,2024,6,2,6150,Professional Fees,OpEx,G&A,27278.16,Finance,CC-F001
TXN-000485,6/1/2024,2024-06,2024,6,2,6200,IT Software & Licenses,OpEx,Technology,38426.45,IT,CC-I001
TXN-000486,6/1/2024,2024-06,2024,6,2,6210,IT Salaries,OpEx,Technology,95688.76,IT,CC-I001
TXN-000487,6/1/2024,2024-06,2024,6,2,6220,Cloud Services,OpEx,Technology,30332.48,IT,CC-I001
TXN-000488,6/1/2024,2024-06,2024,6,2,6300,R&D Salaries,OpEx,R&D,120101.33,R&D,CC-R001
TXN-000489,6/1/2024,2024-06,2024,6,2,6310,R&D Materials,OpEx,R&D,35531.18,R&D,CC-R001
TXN-000490,6/1/2024,2024-06,2024,6,2,6400,Travel & Entertainment,OpEx,G&A,16032.36,Sales,CC-S002
TXN-000491,6/1/2024,2024-06,2024,6,2,6410,Training & Development,OpEx,G&A,14845.35,HR,CC-H001
TXN-000492,6/1/2024,2024-06,2024,6,2,6420,Depreciation,OpEx,G&A,23778.41,Finance,CC-F001
TXN-000073,7/1/2024,2024-07,2024,7,3,4000,Product Sales Revenue,Revenue,Revenue,815652.63,Sales,CC-S002
TXN-000074,7/1/2024,2024-07,2024,7,3,4100,Service Revenue,Revenue,Revenue,425557.9,Sales,CC-S001
TXN-000075,7/1/2024,2024-07,2024,7,3,4200,Subscription Revenue,Revenue,Revenue,224948.78,Sales,CC-S001
TXN-000076,7/1/2024,2024-07,2024,7,3,4900,Other Revenue,Revenue,Revenue,49659.73,Finance,CC-F001
TXN-000151,7/1/2024,2024-07,2024,7,3,5000,Cost of Products Sold,COGS,COGS,365360.37,Operations,CC-O003
TXN-000152,7/1/2024,2024-07,2024,7,3,5100,Direct Labor,COGS,COGS,182680.19,Operations,CC-O003
TXN-000153,7/1/2024,2024-07,2024,7,3,5200,Manufacturing Overhead,COGS,COGS,60893.4,Operations,CC-O003
TXN-000493,7/1/2024,2024-07,2024,7,3,6000,Salaries - Sales,OpEx,Sales & Marketing,167934.28,Sales,CC-S001
TXN-000494,7/1/2024,2024-07,2024,7,3,6010,Commissions,OpEx,Sales & Marketing,86548.97,Sales,CC-S001
TXN-000495,7/1/2024,2024-07,2024,7,3,6020,Marketing Expenses,OpEx,Sales & Marketing,102520.27,Marketing,CC-M001
TXN-000496,7/1/2024,2024-07,2024,7,3,6030,Advertising,OpEx,Sales & Marketing,95366.03,Marketing,CC-M001
TXN-000497,7/1/2024,2024-07,2024,7,3,6100,Salaries - Admin,OpEx,G&A,127988.33,Finance,CC-F001
TXN-000498,7/1/2024,2024-07,2024,7,3,6110,Office Rent,OpEx,G&A,49532.97,Finance,CC-F001
TXN-000499,7/1/2024,2024-07,2024,7,3,6120,Utilities,OpEx,G&A,7972.49,Finance,CC-F001
TXN-000500,7/1/2024,2024-07,2024,7,3,6130,Office Supplies,OpEx,G&A,5618.36,Finance,CC-F001
TXN-000501,7/1/2024,2024-07,2024,7,3,6140,Insurance,OpEx,G&A,12905.33,Finance,CC-F001
TXN-000502,7/1/2024,2024-07,2024,7,3,6150,Professional Fees,OpEx,G&A,22395.55,Finance,CC-F001
TXN-000503,7/1/2024,2024-07,2024,7,3,6200,IT Software & Licenses,OpEx,Technology,39250.56,IT,CC-I001
TXN-000504,7/1/2024,2024-07,2024,7,3,6210,IT Salaries,OpEx,Technology,99827.32,IT,CC-I001
TXN-000505,7/1/2024,2024-07,2024,7,3,6220,Cloud Services,OpEx,Technology,31810.76,IT,CC-I001
TXN-000506,7/1/2024,2024-07,2024,7,3,6300,R&D Salaries,OpEx,R&D,117962.79,R&D,CC-R001
TXN-000507,7/1/2024,2024-07,2024,7,3,6310,R&D Materials,OpEx,R&D,37261.04,R&D,CC-R001
TXN-000508,7/1/2024,2024-07,2024,7,3,6400,Travel & Entertainment,OpEx,G&A,21334.66,Sales,CC-S002
TXN-000509,7/1/2024,2024-07,2024,7,3,6410,Training & Development,OpEx,G&A,18393.87,HR,CC-H001
TXN-000510,7/1/2024,2024-07,2024,7,3,6420,Depreciation,OpEx,G&A,23877.1,Finance,CC-F001
TXN-000077,8/1/2024,2024-08,2024,8,3,4000,Product Sales Revenue,Revenue,Revenue,713198.6,Sales,CC-S002
TXN-000078,8/1/2024,2024-08,2024,8,3,4100,Service Revenue,Revenue,Revenue,427919.16,Sales,CC-S001
TXN-000079,8/1/2024,2024-08,2024,8,3,4200,Subscription Revenue,Revenue,Revenue,229447.76,Sales,CC-S001
TXN-000080,8/1/2024,2024-08,2024,8,3,4900,Other Revenue,Revenue,Revenue,48956.15,Finance,CC-F001
TXN-000154,8/1/2024,2024-08,2024,8,3,5000,Cost of Products Sold,COGS,COGS,379409.2,Operations,CC-O002
TXN-000155,8/1/2024,2024-08,2024,8,3,5100,Direct Labor,COGS,COGS,189704.6,Operations,CC-O003
TXN-000156,8/1/2024,2024-08,2024,8,3,5200,Manufacturing Overhead,COGS,COGS,63234.87,Operations,CC-O003
TXN-000511,8/1/2024,2024-08,2024,8,3,6000,Salaries - Sales,OpEx,Sales & Marketing,162540.59,Sales,CC-S001
TXN-000512,8/1/2024,2024-08,2024,8,3,6010,Commissions,OpEx,Sales & Marketing,98401.76,Sales,CC-S002
TXN-000513,8/1/2024,2024-08,2024,8,3,6020,Marketing Expenses,OpEx,Sales & Marketing,92833.04,Marketing,CC-M001
TXN-000514,8/1/2024,2024-08,2024,8,3,6030,Advertising,OpEx,Sales & Marketing,87475.4,Marketing,CC-M001
TXN-000515,8/1/2024,2024-08,2024,8,3,6100,Salaries - Admin,OpEx,G&A,128712.56,Finance,CC-F001
TXN-000516,8/1/2024,2024-08,2024,8,3,6110,Office Rent,OpEx,G&A,49453.48,Finance,CC-F001
TXN-000517,8/1/2024,2024-08,2024,8,3,6120,Utilities,OpEx,G&A,9461.61,Finance,CC-F001
TXN-000518,8/1/2024,2024-08,2024,8,3,6130,Office Supplies,OpEx,G&A,4717.91,Finance,CC-F001
TXN-000519,8/1/2024,2024-08,2024,8,3,6140,Insurance,OpEx,G&A,13023.64,Finance,CC-F001
TXN-000520,8/1/2024,2024-08,2024,8,3,6150,Professional Fees,OpEx,G&A,19737.27,Finance,CC-F001
TXN-000521,8/1/2024,2024-08,2024,8,3,6200,IT Software & Licenses,OpEx,Technology,47306.24,IT,CC-I001
TXN-000522,8/1/2024,2024-08,2024,8,3,6210,IT Salaries,OpEx,Technology,97111.82,IT,CC-I001
TXN-000523,8/1/2024,2024-08,2024,8,3,6220,Cloud Services,OpEx,Technology,30328.74,IT,CC-I001
TXN-000524,8/1/2024,2024-08,2024,8,3,6300,R&D Salaries,OpEx,R&D,113408.89,R&D,CC-R001
TXN-000525,8/1/2024,2024-08,2024,8,3,6310,R&D Materials,OpEx,R&D,42934.75,R&D,CC-R001
TXN-000526,8/1/2024,2024-08,2024,8,3,6400,Travel & Entertainment,OpEx,G&A,18364.7,Sales,CC-S002
TXN-000527,8/1/2024,2024-08,2024,8,3,6410,Training & Development,OpEx,G&A,18254.25,HR,CC-H001
TXN-000528,8/1/2024,2024-08,2024,8,3,6420,Depreciation,OpEx,G&A,24212.89,Finance,CC-F001
TXN-000081,9/1/2024,2024-09,2024,9,3,4000,Product Sales Revenue,Revenue,Revenue,751284.07,Sales,CC-S002
TXN-000082,9/1/2024,2024-09,2024,9,3,4100,Service Revenue,Revenue,Revenue,450770.44,Sales,CC-S002
TXN-000083,9/1/2024,2024-09,2024,9,3,4200,Subscription Revenue,Revenue,Revenue,234036.71,Sales,CC-S001
TXN-000084,9/1/2024,2024-09,2024,9,3,4900,Other Revenue,Revenue,Revenue,50559.26,Finance,CC-F001
TXN-000157,9/1/2024,2024-09,2024,9,3,5000,Cost of Products Sold,COGS,COGS,368337.58,Operations,CC-O002
TXN-000158,9/1/2024,2024-09,2024,9,3,5100,Direct Labor,COGS,COGS,184168.79,Operations,CC-O003
TXN-000159,9/1/2024,2024-09,2024,9,3,5200,Manufacturing Overhead,COGS,COGS,61389.6,Operations,CC-O002
TXN-000529,9/1/2024,2024-09,2024,9,3,6000,Salaries - Sales,OpEx,Sales & Marketing,161124.1,Sales,CC-S001
TXN-000530,9/1/2024,2024-09,2024,9,3,6010,Commissions,OpEx,Sales & Marketing,79702.72,Sales,CC-S001
TXN-000531,9/1/2024,2024-09,2024,9,3,6020,Marketing Expenses,OpEx,Sales & Marketing,113824.24,Marketing,CC-M001
TXN-000532,9/1/2024,2024-09,2024,9,3,6030,Advertising,OpEx,Sales & Marketing,81043.1,Marketing,CC-M001
TXN-000533,9/1/2024,2024-09,2024,9,3,6100,Salaries - Admin,OpEx,G&A,129430.8,Finance,CC-F001
TXN-000534,9/1/2024,2024-09,2024,9,3,6110,Office Rent,OpEx,G&A,49573.34,Finance,CC-F001
TXN-000535,9/1/2024,2024-09,2024,9,3,6120,Utilities,OpEx,G&A,7962.72,Finance,CC-F001
TXN-000536,9/1/2024,2024-09,2024,9,3,6130,Office Supplies,OpEx,G&A,6459.46,Finance,CC-F001
TXN-000537,9/1/2024,2024-09,2024,9,3,6140,Insurance,OpEx,G&A,13321.97,Finance,CC-F001
TXN-000538,9/1/2024,2024-09,2024,9,3,6150,Professional Fees,OpEx,G&A,30961.6,Finance,CC-F001
TXN-000539,9/1/2024,2024-09,2024,9,3,6200,IT Software & Licenses,OpEx,Technology,45068.38,IT,CC-I001
TXN-000540,9/1/2024,2024-09,2024,9,3,6210,IT Salaries,OpEx,Technology,98382.87,IT,CC-I001
TXN-000541,9/1/2024,2024-09,2024,9,3,6220,Cloud Services,OpEx,Technology,35915.73,IT,CC-I001
TXN-000542,9/1/2024,2024-09,2024,9,3,6300,R&D Salaries,OpEx,R&D,120211.95,R&D,CC-R001
TXN-000543,9/1/2024,2024-09,2024,9,3,6310,R&D Materials,OpEx,R&D,46029.24,R&D,CC-R001
TXN-000544,9/1/2024,2024-09,2024,9,3,6400,Travel & Entertainment,OpEx,G&A,17068.79,Sales,CC-S001
TXN-000545,9/1/2024,2024-09,2024,9,3,6410,Training & Development,OpEx,G&A,19578.31,HR,CC-H001
TXN-000546,9/1/2024,2024-09,2024,9,3,6420,Depreciation,OpEx,G&A,24277.24,Finance,CC-F001
TXN-000085,10/1/2024,2024-10,2024,10,4,4000,Product Sales Revenue,Revenue,Revenue,730512.82,Sales,CC-S001
TXN-000086,10/1/2024,2024-10,2024,10,4,4100,Service Revenue,Revenue,Revenue,438307.69,Sales,CC-S001
TXN-000087,10/1/2024,2024-10,2024,10,4,4200,Subscription Revenue,Revenue,Revenue,238717.45,Sales,CC-S001
TXN-000088,10/1/2024,2024-10,2024,10,4,4900,Other Revenue,Revenue,Revenue,48197.47,Finance,CC-F001
TXN-000160,10/1/2024,2024-10,2024,10,4,5000,Cost of Products Sold,COGS,COGS,378310.22,Operations,CC-O002
TXN-000161,10/1/2024,2024-10,2024,10,4,5100,Direct Labor,COGS,COGS,189155.11,Operations,CC-O001
TXN-000162,10/1/2024,2024-10,2024,10,4,5200,Manufacturing Overhead,COGS,COGS,63051.7,Operations,CC-O001
TXN-000547,10/1/2024,2024-10,2024,10,4,6000,Salaries - Sales,OpEx,Sales & Marketing,158585.16,Sales,CC-S001
TXN-000548,10/1/2024,2024-10,2024,10,4,6010,Commissions,OpEx,Sales & Marketing,160945.63,Sales,CC-S002
TXN-000549,10/1/2024,2024-10,2024,10,4,6020,Marketing Expenses,OpEx,Sales & Marketing,106142.95,Marketing,CC-M001
TXN-000550,10/1/2024,2024-10,2024,10,4,6030,Advertising,OpEx,Sales & Marketing,100408.88,Marketing,CC-M001
TXN-000551,10/1/2024,2024-10,2024,10,4,6100,Salaries - Admin,OpEx,G&A,131560.71,Finance,CC-F001
TXN-000552,10/1/2024,2024-10,2024,10,4,6110,Office Rent,OpEx,G&A,49744.92,Finance,CC-F001
TXN-000553,10/1/2024,2024-10,2024,10,4,6120,Utilities,OpEx,G&A,8767.8,Finance,CC-F001
TXN-000554,10/1/2024,2024-10,2024,10,4,6130,Office Supplies,OpEx,G&A,4816.34,Finance,CC-F001
TXN-000555,10/1/2024,2024-10,2024,10,4,6140,Insurance,OpEx,G&A,13234.94,Finance,CC-F001
TXN-000556,10/1/2024,2024-10,2024,10,4,6150,Professional Fees,OpEx,G&A,25378.58,Finance,CC-F001
TXN-000557,10/1/2024,2024-10,2024,10,4,6200,IT Software & Licenses,OpEx,Technology,84291.04,IT,CC-I001
TXN-000558,10/1/2024,2024-10,2024,10,4,6210,IT Salaries,OpEx,Technology,96378.72,IT,CC-I001
TXN-000559,10/1/2024,2024-10,2024,10,4,6220,Cloud Services,OpEx,Technology,30862.47,IT,CC-I001
TXN-000560,10/1/2024,2024-10,2024,10,4,6300,R&D Salaries,OpEx,R&D,113639.93,R&D,CC-R001
TXN-000561,10/1/2024,2024-10,2024,10,4,6310,R&D Materials,OpEx,R&D,38761.5,R&D,CC-R001
TXN-000562,10/1/2024,2024-10,2024,10,4,6400,Travel & Entertainment,OpEx,G&A,16381.64,Sales,CC-S001
TXN-000563,10/1/2024,2024-10,2024,10,4,6410,Training & Development,OpEx,G&A,14190.08,HR,CC-H001
TXN-000564,10/1/2024,2024-10,2024,10,4,6420,Depreciation,OpEx,G&A,24199.44,Finance,CC-F001
TXN-000089,11/1/2024,2024-11,2024,11,4,4000,Product Sales Revenue,Revenue,Revenue,983999.68,Sales,CC-S001
TXN-000090,11/1/2024,2024-11,2024,11,4,4100,Service Revenue,Revenue,Revenue,454153.7,Sales,CC-S001
TXN-000091,11/1/2024,2024-11,2024,11,4,4200,Subscription Revenue,Revenue,Revenue,243491.8,Sales,CC-S001
TXN-000092,11/1/2024,2024-11,2024,11,4,4900,Other Revenue,Revenue,Revenue,48960.72,Finance,CC-F001
TXN-000163,11/1/2024,2024-11,2024,11,4,5000,Cost of Products Sold,COGS,COGS,431528.89,Operations,CC-O003
TXN-000164,11/1/2024,2024-11,2024,11,4,5100,Direct Labor,COGS,COGS,215764.44,Operations,CC-O002
TXN-000165,11/1/2024,2024-11,2024,11,4,5200,Manufacturing Overhead,COGS,COGS,71921.48,Operations,CC-O001
TXN-000565,11/1/2024,2024-11,2024,11,4,6000,Salaries - Sales,OpEx,Sales & Marketing,159021.97,Sales,CC-S001
TXN-000566,11/1/2024,2024-11,2024,11,4,6010,Commissions,OpEx,Sales & Marketing,90663.29,Sales,CC-S002
TXN-000567,11/1/2024,2024-11,2024,11,4,6020,Marketing Expenses,OpEx,Sales & Marketing,123418.46,Marketing,CC-M001
TXN-000568,11/1/2024,2024-11,2024,11,4,6030,Advertising,OpEx,Sales & Marketing,84391.77,Marketing,CC-M001
TXN-000569,11/1/2024,2024-11,2024,11,4,6100,Salaries - Admin,OpEx,G&A,132605.71,Finance,CC-F001
TXN-000570,11/1/2024,2024-11,2024,11,4,6110,Office Rent,OpEx,G&A,49680.07,Finance,CC-F001
TXN-000571,11/1/2024,2024-11,2024,11,4,6120,Utilities,OpEx,G&A,9536.83,Finance,CC-F001
TXN-000572,11/1/2024,2024-11,2024,11,4,6130,Office Supplies,OpEx,G&A,5276.66,Finance,CC-F001
TXN-000573,11/1/2024,2024-11,2024,11,4,6140,Insurance,OpEx,G&A,13416.84,Finance,CC-F001
TXN-000574,11/1/2024,2024-11,2024,11,4,6150,Professional Fees,OpEx,G&A,19877.48,Finance,CC-F001
TXN-000575,11/1/2024,2024-11,2024,11,4,6200,IT Software & Licenses,OpEx,Technology,47347.74,IT,CC-I001
TXN-000576,11/1/2024,2024-11,2024,11,4,6210,IT Salaries,OpEx,Technology,95318.6,IT,CC-I001
TXN-000577,11/1/2024,2024-11,2024,11,4,6220,Cloud Services,OpEx,Technology,31556.27,IT,CC-I001
TXN-000578,11/1/2024,2024-11,2024,11,4,6300,R&D Salaries,OpEx,R&D,112886.31,R&D,CC-R001
TXN-000579,11/1/2024,2024-11,2024,11,4,6310,R&D Materials,OpEx,R&D,43576.03,R&D,CC-R001
TXN-000580,11/1/2024,2024-11,2024,11,4,6400,Travel & Entertainment,OpEx,G&A,24270.97,Sales,CC-S002
TXN-000581,11/1/2024,2024-11,2024,11,4,6410,Training & Development,OpEx,G&A,13335.34,HR,CC-H001
TXN-000582,11/1/2024,2024-11,2024,11,4,6420,Depreciation,OpEx,G&A,24565.38,Finance,CC-F001
TXN-000093,12/1/2024,2024-12,2024,12,4,4000,Product Sales Revenue,Revenue,Revenue,1011286.82,Sales,CC-S002
TXN-000094,12/1/2024,2024-12,2024,12,4,4100,Service Revenue,Revenue,Revenue,466747.76,Sales,CC-S001
TXN-000095,12/1/2024,2024-12,2024,12,4,4200,Subscription Revenue,Revenue,Revenue,248361.63,Sales,CC-S001
TXN-000096,12/1/2024,2024-12,2024,12,4,4900,Other Revenue,Revenue,Revenue,49331.81,Finance,CC-F001
TXN-000166,12/1/2024,2024-12,2024,12,4,5000,Cost of Products Sold,COGS,COGS,453879.71,Operations,CC-O001
TXN-000167,12/1/2024,2024-12,2024,12,4,5100,Direct Labor,COGS,COGS,226939.85,Operations,CC-O001
TXN-000168,12/1/2024,2024-12,2024,12,4,5200,Manufacturing Overhead,COGS,COGS,75646.62,Operations,CC-O001
TXN-000583,12/1/2024,2024-12,2024,12,4,6000,Salaries - Sales,OpEx,Sales & Marketing,173031.18,Sales,CC-S002
TXN-000584,12/1/2024,2024-12,2024,12,4,6010,Commissions,OpEx,Sales & Marketing,93838.01,Sales,CC-S002
TXN-000585,12/1/2024,2024-12,2024,12,4,6020,Marketing Expenses,OpEx,Sales & Marketing,102427.27,Marketing,CC-M001
TXN-000586,12/1/2024,2024-12,2024,12,4,6030,Advertising,OpEx,Sales & Marketing,63356.96,Marketing,CC-M001
TXN-000587,12/1/2024,2024-12,2024,12,4,6100,Salaries - Admin,OpEx,G&A,209420.22,Finance,CC-F001
TXN-000588,12/1/2024,2024-12,2024,12,4,6110,Office Rent,OpEx,G&A,50333.46,Finance,CC-F001
TXN-000589,12/1/2024,2024-12,2024,12,4,6120,Utilities,OpEx,G&A,9634.91,Finance,CC-F001
TXN-000590,12/1/2024,2024-12,2024,12,4,6130,Office Supplies,OpEx,G&A,5230.06,Finance,CC-F001
TXN-000591,12/1/2024,2024-12,2024,12,4,6140,Insurance,OpEx,G&A,13335.52,Finance,CC-F001
TXN-000592,12/1/2024,2024-12,2024,12,4,6150,Professional Fees,OpEx,G&A,24031.73,Finance,CC-F001
TXN-000593,12/1/2024,2024-12,2024,12,4,6200,IT Software & Licenses,OpEx,Technology,43452.78,IT,CC-I001
TXN-000594,12/1/2024,2024-12,2024,12,4,6210,IT Salaries,OpEx,Technology,99858.07,IT,CC-I001
TXN-000595,12/1/2024,2024-12,2024,12,4,6220,Cloud Services,OpEx,Technology,36504.64,IT,CC-I001
TXN-000596,12/1/2024,2024-12,2024,12,4,6300,R&D Salaries,OpEx,R&D,115760.36,R&D,CC-R001
TXN-000597,12/1/2024,2024-12,2024,12,4,6310,R&D Materials,OpEx,R&D,38886.84,R&D,CC-R001
TXN-000598,12/1/2024,2024-12,2024,12,4,6400,Travel & Entertainment,OpEx,G&A,26351.39,Sales,CC-S001
TXN-000599,12/1/2024,2024-12,2024,12,4,6410,Training & Development,OpEx,G&A,12750.68,HR,CC-H001
TXN-000600,12/1/2024,2024-12,2024,12,4,6420,Depreciation,OpEx,G&A,24587.12,Finance,CC-F001
